"temp","dpi","treatment","yhat","Upper","Lower"
"Cold","9","Infected",0.0470356412670072,0.0450526857235183,0.0492011896742553
"Cold","9","Control",0.043189804805166,0.0410337873892362,0.045584951733976
"Cold","28","Infected",0.0510160703997245,0.0487664260704788,0.0534833093010221
"Cold","28","Control",0.0465228679724627,0.0441467174021601,0.049169356819738
"Warm","9","Infected",0.0477697262063646,0.0456725609048739,0.0500687532346796
"Warm","9","Control",0.0438079646783094,0.0417066266882589,0.046132284067742
"Warm","28","Infected",0.0518807996652535,0.0495058245565372,0.0544951299662952
"Warm","28","Control",0.0472409122873406,0.0449439884031896,0.0497852557483878
