"","temp","treatment","ever_infected","mean_fever","median_fever","mean_bird_cv_fever","mean_bird_pv_fever","mean_bird_v2_fever","mean_cv_lower_ci_fever","mean_cv_upper_ci_fever","mean_pv_lower_ci_fever","mean_pv_upper_ci_fever","mean_v2_lower_ci_fever","mean_v2_upper_ci_fever"
"1","Cold","Control",0,32.4022058823529,32.3875,0.0226105413750016,0.0252628897649399,0.000510975351978599,0.0190394169559532,0.0257790293062369,0.0212402257377996,0.0286725825151669,0.000366058515313626,0.000671855848262064
"2","Cold","Infected",0,32.3625,32.225,0.0245499359181896,0.0263952054283727,0.000602336325872968,0.0128391574231531,0.0332384605263653,0.0142745879587442,0.0352383026421473,0.000159743677934968,0.00111385614046456
"3","Cold","Infected",1,32.9965476190476,32.4875,0.0506403337049685,0.048779367951954,0.00255788384940076,0.0407459940572598,0.0602947623401572,0.0384289908979961,0.0578735638459391,0.00158470409662657,0.00350715703932216
"4","Warm","Control",0,36.0351449275362,35.925,0.0257954529896695,0.028603035793926,0.000664962925024502,0.021462647688466,0.0295192111053994,0.0236901898976159,0.0329095154445286,0.000470877061155521,0.000869223331788898
"5","Warm","Infected",0,36.4392857142857,36.275,0.0105087675843591,0.0123549009540095,0.000110422001777074,0.0034831992780949,0.0128082134346836,0.00499316421460973,0.0147138322126623,1.88544963598827e-05,0.000164012040250629
"6","Warm","Infected",1,36.7686111111111,36.35,0.0428007617576965,0.0449380986907007,0.00182855546675818,0.035307073871181,0.0496901778096263,0.0376481595757559,0.0514626882190993,0.00125064960987432,0.00240502589633732
