"temp","treatment","yhat","Upper","Lower"
"Cold","Control",33.3947915931334,34.1998430505375,32.5897401357293
"Cold","Infected",34.6662201649922,35.3855233155253,33.9469170144592
"Warm","Control",37.1302082826607,37.9352597400648,36.3251568252565
"Warm","Infected",38.4016368545195,39.1209400050525,37.6823337039864
