"temp","yhat","Upper","Lower"
"Warm",70171.3553435236,114449.082954426,25893.6277326209
"Cold",56616.0046435392,100893.732254442,12338.2770326365
