"temp","treatment","yhat","Upper","Lower"
"Cold","Infected",0.0934357162152152,0.131844418156583,0.0653736119031583
"Cold","Control",0.0578142971978027,0.08664824408053,0.0381743911983232
"Warm","Infected",0.125324875719021,0.173816080604759,0.0889059841173674
"Warm","Control",0.0786000993965986,0.11626872643634,0.0524115422301305
